Job Title,Location,Salary
Backend Developer,"Egmore, Chennai, Tamil Nadu","From ₹19,500 a month"
Front End Developer,"Vadodara, Gujarat",Not specified
Salesforce Developer,"Indore, Madhya Pradesh",Not specified
Web Developer,"Lucknow, Uttar Pradesh",Not specified
Front End Developer,"Vadodara, Gujarat",Not specified
Intern PowerApps Developer,"Noida, Uttar Pradesh","₹15,000 a month"
Graphic Design/UI-UX Intern,Remote,"₹5,000 - ₹10,000 a month"
Mobile App Team: Flutter Developer,"Saravanampatti, Coimbatore, Tamil Nadu",Not specified
Fresher .NET/C# Developer,"Indore, Madhya Pradesh",Not specified
Sr. Java Developer,"Bengaluru, Karnataka",Not specified
Dot Net Developer - Fresher,"Mumbai, Maharashtra",Not specified
Software/Web Developer,"Jodhpur, Rajasthan",Not specified
PHP Developer Fresher / Intern,"Bapatla, Andhra Pradesh","₹1,80,000 - ₹3,00,000 a year"
Java Developer,"Kolkata, West Bengal",Not specified
Full Stack Developer,"Airoli, Navi Mumbai, Maharashtra","₹10,37,031.81 - ₹17,02,419.63 a year"
MERN Stack Developer,"Chandigarh, Chandigarh","₹30,000 - ₹45,000 a month"
Junior QA Engineer,"Bengaluru, Karnataka",Not specified
Full Stack Developer Intern,"Mysuru, Karnataka","₹5,000 - ₹12,000 a month"
Embedded Systems Developer (1,"Bengaluru, Karnataka",Not specified
ASP.NET Developer Freshers,"Ahmedabad, Gujarat",Not specified
Software Test Engineer,"Delhi, Delhi","From ₹13,500 a month"
Trainee Test Engineer,"Navi Mumbai, Maharashtra",Not specified
Software Engineer,"Thane, Maharashtra","₹10,000 - ₹15,000 a month"
Software Test Engineer,"Jagatpur, Ahmedabad, Gujarat","₹50,000 - ₹1,80,000 a year"
Junior IT Technician,"Domlur, Bengaluru, Karnataka","₹13,575.92 - ₹25,173.10 a month"
Technical Support Executive,"Bengaluru, Karnataka","₹3,00,000 - ₹4,00,000 a year"
Senior Software Test Engineer,"Kolkata, West Bengal","From ₹25,000 a month"
QA Intern,"Pitampura, Delhi, Delhi","₹5,000 - ₹8,000 a month"
Application Support Engineer,"Mannargudi, Tamil Nadu","₹11,000 a month"
IT Technical Support Engineer,"Nagpur, Maharashtra","₹10,000 - ₹15,000 a month"
IoT Engineer,"Noida, Uttar Pradesh","₹12,014.36 - ₹38,443.89 a month"
Hardware & Network Engineer - Fresher & Experienced - Bodakdev - Ahmedabad,"Ahmedabad, Gujarat","₹12,000 - ₹20,000 a month"
IT Technical Support Engineer,"Mumbai, Maharashtra","₹1,50,000.23 - ₹2,16,000.19 a year"
Customer Support Engineer,"Calicut, Kerala","₹7,500 - ₹12,000 a month"
Desktop Support Engineer (Fresher),"Andheri East, Mumbai, Maharashtra","₹13,000 - ₹16,000 a month"
Technical Engineer,"Puducherry, Puducherry","₹9,000 - ₹12,000 a month"
Technical Engineer,"Agartala, Tripura","₹10,000 - ₹15,000 a month"
Technical Support Executive,"Aarey Milk Colony, Mumbai, Maharashtra","₹10,593.94 - ₹15,000.00 a month"
Desktop Support Engineer,"Dhule, Maharashtra","₹8,086 - ₹10,000 a month"
Software Test Engineer,"Vadavalli, Coimbatore, Tamil Nadu","₹18,000 - ₹25,000 a month"
Support Executive,"Mumbai, Maharashtra",Not specified
IOS/Android Developer,"Thiruvananthapuram, Kerala",Not specified
Wordpress Developer,"Ambala, Haryana","₹5,000 - ₹8,000 a month"
Asp.Net Developer,"Udaipur, Rajasthan",Not specified
iOS Developer,Delhi,Not specified
Excellent Support Executive,"Surat, Gujarat",Not specified
iOS Developer (React Native),"Chennai, Tamil Nadu",Not specified
php Developer (Laravel),"Kolkata, West Bengal",Not specified
Trainee GIS Application Developer,"Hyderabad, Telangana",Not specified
Looking for Node Js Developer,"Bhilai, Chhattisgarh","₹20,000 - ₹35,000 a month"
Full Stack Developer,"Mumbai, Maharashtra","₹15,000 - ₹20,000 a month"
WordPress Developer,"Thergaon, Pune, Maharashtra",Not specified
Junior ASP.NET Developer,"Surat, Gujarat",Not specified
React JS Developer 3-5 Years,"Bengaluru, Karnataka","₹4,00,000 - ₹8,00,000 a year"
Junior PHP Developer,"Bengaluru, Karnataka",Not specified
Junior PHP Developer,"Delhi, Delhi",Not specified
Flutter Developer (Intern),"Noida, Uttar Pradesh","₹2,00,000 - ₹3,00,000 a year"
iOS Developer,"Surat, Gujarat","₹15,000 - ₹35,000 a month"
Software Engineer - PHP ( Full-time / Part-time Internship ),"Thane, Maharashtra",Not specified
Full Stack Developer (.NET),"Navi Mumbai, Maharashtra",Not specified
Full Stack Developer,"Katargam, Surat, Gujarat","From ₹12,000 a month"
ASP.NET and SQL Developer,"Mahape, Maharashtra",Not specified
Linux Developer,"Baner, Pune, Maharashtra","From ₹25,000 a month"
.NET Developer,"Chennai, Tamil Nadu",Not specified
Golang Developer,"Saket, Delhi, Delhi",Not specified
Angular Web Developer job opening,"Ahmedabad, Gujarat",Not specified
Flutter Developer,"Noida, Uttar Pradesh",Not specified
Flutter Developer,"Vellore, Tamil Nadu","From ₹20,000 a month"
ReactJS Developer (Intern),"Dwarka, Nashik, Maharashtra","₹5,000 - ₹10,000 a month"
MERN Stack Developer (Apply Only If you are from Kolkata),"Baguiati, Kolkata, West Bengal","₹10,000 - ₹20,000 a month"
Technical Trainer,"Bengaluru, Karnataka",Not specified
MERN Stack Developer (Fresher) Vacancy:,"Kolkata, West Bengal",Not specified
Business Developer (BDE),"Sahibzada Ajit Singh Nagar, Ludhiana, Punjab",Not specified
Tr. Software Engineer (React Js),"Mohali, Punjab",Not specified
QA (Fresher),"Ahmedabad, Gujarat",Not specified
Tech Support Engineer,"Goregaon, Mumbai, Maharashtra","₹3,20,000 - ₹3,30,000 a year"
Electronics Fresher ? Join our Embedded team,"Kochi, Kerala","₹12,000 - ₹17,000 a month"
Trainee,"Calicut, Kerala","₹4,000 - ₹10,000 a month"
Technical Support Engineer L1,"Electronic City, Bengaluru, Karnataka","₹2,80,000 - ₹4,00,000 a year"
Software Test Engineer,"Indore, Madhya Pradesh","₹1,47,345.91 - ₹2,80,000.00 a year"
Application Engineer,"Gurugram, Haryana","From ₹2,50,000 a year"
Software Engineer Trainee,"Lucknow, Uttar Pradesh","From ₹5,000 a month"
Software IT Support Engineer,"Vadodara, Gujarat","₹15,000 a month"
Technical Support Engineer,"Sangli, Maharashtra",Not specified
QA Tester,"Mohali, Punjab","₹9,913.10 - ₹25,000.00 a month"
Support Engineer,"Bengaluru, Karnataka",Not specified
Senior Python Developer,Remote,"₹12,000 - ₹18,000 a week"
EMBEDDED HARDWARE ENGINEER,"Pimpri-Chinchwad, Maharashtra","₹5,00,000.00 - ₹6,44,604.44 a year"
IT Engineer,"Mumbai, Maharashtra","From ₹12,000 a month"
Computer Hardware & Network Engineer,"Salem, Tamil Nadu","₹8,086.00 - ₹20,627.35 a month"
Flutter Developer,"Mohali, Punjab","₹11,000 - ₹30,000 a month"
Associate Software Engineer (Freshers),"Jaipur, Rajasthan",Not specified
AWS Cloud Engineer Immediate Joiners,"Nashik, Maharashtra",Not specified
Backend Developer,"Egmore, Chennai, Tamil Nadu","From ₹19,500 a month"
Web Developer (Intern),"Navi Mumbai, Maharashtra",Not specified
Java Developer,"Coimbatore, Tamil Nadu",Not specified
JAVA DEVELOPER,"Pune, Maharashtra",Not specified
Application Developer (Fresher),"Hyderabad, Telangana",Not specified
Junior Software Developer,"Indore, Madhya Pradesh","₹3,08,000 a year"
Web Developer - Freshers,"Banaswadi, Bengaluru, Karnataka",Not specified
Software Developers Java,"Chennai, Tamil Nadu",Not specified
Fresher – Software Developer - Dot Net,"Ahmedabad, Gujarat","₹15,000 - ₹20,000 a month"
Junior Developer Intern,"Goa, Goa","₹2,000 a month"
Full stack Developer,"Saravanampatti, Coimbatore, Tamil Nadu",Not specified
Junior Web Developer (Trainee),"Bengaluru, Karnataka",Not specified
Software Developers Fresher,"Jaipur, Rajasthan",Not specified
IIB Developer Freshers,"Hyderabad, Telangana","₹3,14,016.66 - ₹14,45,619.38 a year"
Software Developer,"Malad, Mumbai, Maharashtra","₹12,000 - ₹40,000 a month"
Web developer,"Mumbai, Maharashtra",Not specified
Next.Js Developer Fresher,Remote,Not specified
Developer Trainee,"Cannanore, Kerala",Not specified
Software Developers,"Bhopal, Madhya Pradesh",Not specified
Software Engineer / Developer (.Net Technologies),"Mumbai, Maharashtra",Not specified
Java Freshers,"Delhi, Delhi",Not specified
Backend Developer,"Egmore, Chennai, Tamil Nadu","From ₹19,500 a month"
Java Developer (Fresher),"Navi Mumbai, Maharashtra",Not specified
Web Developer (Intern),"Navi Mumbai, Maharashtra",Not specified
Java Developer,"Coimbatore, Tamil Nadu",Not specified
Web Development Intern,"Bengaluru, Karnataka",Not specified
Associate Developer - Scala,Remote,"₹12,000 - ₹30,000 a month"
Software Developer,"Bengaluru, Karnataka",Not specified
JAVA DEVELOPER,"Pune, Maharashtra",Not specified
Java Developer,"Tiruchchirappalli, Tamil Nadu",Not specified
Application Developer (Fresher),"Hyderabad, Telangana",Not specified
Fresher Software Developer,"Gadarwara, Madhya Pradesh",Not specified
Junior Software Developer,"Indore, Madhya Pradesh","₹3,08,000 a year"
Web Developer - Freshers,"Banaswadi, Bengaluru, Karnataka",Not specified
Software Developer,"Ahmedabad, Gujarat",Not specified
Web Developer Intern,"Kochi, Kerala",Not specified
Trainee Software Developers ( Freshers ),"Hyderabad, Telangana",Not specified
Software Developers Java,"Chennai, Tamil Nadu",Not specified
Fresher – Software Developer - Dot Net,"Ahmedabad, Gujarat","₹15,000 - ₹20,000 a month"
Software Developer,"Mohali, Punjab","₹2,00,000 - ₹2,40,000 a year"
SOFTWARE DEVELOPER,"Chennai, Tamil Nadu",Not specified
Software Developer,"Chennai, Tamil Nadu",Not specified
Java Freshers,"Delhi, Delhi",Not specified
Backend Developer,"Egmore, Chennai, Tamil Nadu","From ₹19,500 a month"
Trainee Software Developer,"Indore, Madhya Pradesh",Not specified
Java Developer (Fresher),"Navi Mumbai, Maharashtra",Not specified
Software Engineer (Fresher) - TI,"Bengaluru, Karnataka","₹3,00,000 - ₹5,00,000 a year"
Software Intern,Remote,Not specified
Web Developer (Intern),"Navi Mumbai, Maharashtra",Not specified
Java Developer,"Coimbatore, Tamil Nadu",Not specified
Web Development Intern,"Bengaluru, Karnataka",Not specified
Associate Developer - Scala,Remote,"₹12,000 - ₹30,000 a month"
Software Developer,"Chennai, Tamil Nadu",Not specified
Software Developer,"Ramanatha Puram, Coimbatore, Tamil Nadu",Not specified
Software Developer,"Bengaluru, Karnataka",Not specified
JAVA DEVELOPER,"Pune, Maharashtra",Not specified
Software Developer,"Jayanagar, Bengaluru, Karnataka",Not specified
Software Developer Trainee,"Delhi, Delhi","₹10,651.50 - ₹31,285.04 a month"
SOFTWARE DEVELOPER,"Noida, Uttar Pradesh",Not specified
Java Developer,"Tiruchchirappalli, Tamil Nadu",Not specified
Sr. Software Engineer (Team Lead),"Gurugram, Haryana","₹30,00,000 - ₹40,00,000 a year"
Desktop Support Engineer - Navi Mumbai - Experienced/Freshers,"Navi Mumbai, Maharashtra","₹2,30,000 - ₹2,40,000 a year"
Customer Support Engineer,"Vadodara, Gujarat",Not specified
Software Engineer - Frontend (Angular),"Andheri, Mumbai, Maharashtra","Up to ₹5,00,000 a year"
Associate Technical Support Engineer,"Bengaluru, Karnataka",Not specified
Software Engineer Intern(Freshers),"Thiruvananthapuram, Kerala","₹10,000 - ₹18,000 a month"
Cloud Engineer(Experience),"Mumbai, Maharashtra","₹15,000 - ₹22,000 a day"
Apprenticeship,"Trichur, Kerala","₹10,000 - ₹12,000 a month"
Senior UI/UX Designer,"Calicut, Kerala",Not specified
Firmware Engineer,"Verna, Goa",Not specified
Intern Embedded Engineer,"Gurugram, Haryana","₹8,000 - ₹10,000 a month"
Software Test Engineer -Fresher,"Perungudi, Chennai, Tamil Nadu","From ₹50,000 a year"
Software Engineer,"Calicut, Kerala",Not specified
SAP Junior Software Engineer,"Coimbatore, Tamil Nadu","₹10,000 - ₹30,000 a month"
Junior Software Engineer,"Tiruchchirappalli, Tamil Nadu","From ₹2,00,000 a year"
Software Engineer (Freshers),"Wakad, Pune, Maharashtra","₹4,00,000 - ₹8,00,000 a year"
Software Engineer,"Indore, Madhya Pradesh","₹1,60,000.00 - ₹3,10,630.38 a year"
Tr. Software Engineer (React Js),"Mohali, Punjab",Not specified
QA (Fresher),"Ahmedabad, Gujarat",Not specified
Network Engineer,"Kochi, Kerala","₹12,000 - ₹17,000 a month"
Backend Developer,"Egmore, Chennai, Tamil Nadu","From ₹19,500 a month"
Web Developer (Intern),"Navi Mumbai, Maharashtra",Not specified
JAVA DEVELOPER,"Pune, Maharashtra",Not specified
Software Developers Java,"Chennai, Tamil Nadu",Not specified
Fresher – Software Developer - Dot Net,"Ahmedabad, Gujarat","₹15,000 - ₹20,000 a month"
Junior Developer Intern,"Goa, Goa","₹2,000 a month"
Full stack Developer,"Saravanampatti, Coimbatore, Tamil Nadu",Not specified
Junior Web Developer (Trainee),"Bengaluru, Karnataka",Not specified
Web developer,"Mumbai, Maharashtra",Not specified
Developer Trainee,"Cannanore, Kerala",Not specified
Software Developers,"Bhopal, Madhya Pradesh",Not specified
Software Engineer / Developer (.Net Technologies),"Mumbai, Maharashtra",Not specified
Python Developer - Fresher / Intern / Trainee,"Surat, Gujarat","₹6,000 - ₹15,000 a month"
Trainee Software Developer Fresher,"Vadodara, Gujarat",Not specified
Software Developer Intern,"Noida, Uttar Pradesh",Not specified
Developer - FullStack (Python),"Bengaluru, Karnataka",Not specified
Python Developer,"Saket, Delhi, Delhi",Not specified
Software Test Engineer,"Bengaluru, Karnataka","Up to ₹3,00,000 a year"
Python Developer,"Trichur, Kerala",Not specified
MERN Stack Fresher,"Thane, Maharashtra","₹12,000 - ₹25,000 a month"
Software Fresher Interns,Remote,Not specified
Software Developer - Fresher,"Lucknow, Uttar Pradesh",Not specified
Python Developer,"Kochi, Kerala",Not specified
Software Developer,"Bengaluru, Karnataka",Not specified
Software Developers - FRESHERS,Tamil Nadu,Not specified
SOFTWARE DEVELOPER,"Chennai, Tamil Nadu",Not specified
Java J2EE / WEB / API developers,"Bengaluru, Karnataka","₹2,40,000 - ₹6,00,000 a year"
Software Developer Intern,"Thiruvananthapuram, Kerala",Not specified
Software Developer,"Hyderabad, Telangana","₹3,50,000 - ₹4,50,000 a year"
Software Developer,"Chennai, Tamil Nadu",Not specified
Software Developer/Front-end,"Kolkata, West Bengal",Not specified
Web Developer,"Calicut, Kerala","₹10,000 - ₹15,000 a month"
Software Engineer,"Irinjalakuda, Kerala",Not specified
Software Developer,"Chennai, Tamil Nadu",Not specified
Java Freshers,"Delhi, Delhi",Not specified
Software Developer - Front-end,"Delhi, Delhi",Not specified
Backend Developer,"Egmore, Chennai, Tamil Nadu","From ₹19,500 a month"
Trainee Software Developer,"Indore, Madhya Pradesh",Not specified
Java Developer (Fresher),"Navi Mumbai, Maharashtra",Not specified
Software Engineer (Fresher) - TI,"Bengaluru, Karnataka","₹3,00,000 - ₹5,00,000 a year"
Quality Analyst Intern,"Satellite, Ahmedabad, Gujarat","₹5,000 - ₹7,000 a month"
Python Full Stack Developer Intern,"Pune, Maharashtra","₹4,000 - ₹5,000 a month"
Angular Developer Intern,"Noida, Uttar Pradesh","₹5,000 a month"
IOS Developer,"Hyderabad, Telangana",Not specified
Sr. iOS Developer,"Surat, Gujarat",Not specified
Jr. PHP Developer,"Mohali, Punjab","₹5,000 - ₹15,000 a month"
IOS Developer,"Mohali, Punjab","₹10,000 - ₹50,000 a month"
MBA Internship,"Noida, Uttar Pradesh","₹15,000 - ₹25,000 a month"
Flutter Developer,"Mohali, Punjab","₹10,000 - ₹20,000 a month"
Dot Net Developer,"Mohali, Punjab","₹15,000 - ₹40,000 a month"
Flutter Developer,"Surat, Gujarat","₹10,000 - ₹25,000 a month"
CodeIgniter (Framework of PHP),"Nalasopara, Mumbai, Maharashtra","₹8,000 - ₹15,000 a month"
Ruby on Rails Developer,"New Mankapur, Nagpur, Maharashtra","₹1,20,000.49 - ₹2,50,000.73 a year"
PHP Developer,"Nagercoil, Tamil Nadu","₹10,000 - ₹25,000 a month"
React Native Developer,"Mota Varachha, Surat, Gujarat",Not specified
PHP Web Developer,"Kolkata, West Bengal","₹10,000 - ₹25,000 a month"
iOS Team Leader,"Surat, Gujarat",Not specified
Flutter Developer,"Mohali, Punjab","₹11,000 - ₹30,000 a month"
JUNIOR PYTHON DEVELOPER - FEMALE,"Gandhipuram, Coimbatore, Tamil Nadu","₹8,000 - ₹10,000 a month"
FEMALE JUNIOR PYTHON DEVELOPER,"Gandhipuram, Coimbatore, Tamil Nadu","₹8,000 - ₹10,000 a month"
Backend Developer,"Egmore, Chennai, Tamil Nadu","From ₹19,500 a month"
MERN Stack Fresher,"Thane, Maharashtra","₹12,000 - ₹25,000 a month"
Web Developer,"Lucknow, Uttar Pradesh",Not specified
Full stack Developer Fresher,"Saravanampatti, Coimbatore, Tamil Nadu","₹5,000 - ₹10,000 a month"
Front End Developer,"Vadodara, Gujarat",Not specified
Salesforce Developer,"Indore, Madhya Pradesh",Not specified
Embedded Software Developer,"Vadodara, Gujarat",Not specified
IQ012 Full-stack Web Platform Developer,"Bengaluru, Karnataka",Not specified
Python Developer Intern,"Calicut, Kerala","₹3,500 - ₹12,000 a month"
Web Developer,"Lucknow, Uttar Pradesh",Not specified
Backend Developer,"Mumbai, Maharashtra",Not specified
Front-End Web Developer,"Surat, Gujarat",Not specified
Data Base Developer,Delhi,Not specified
Front End Developer,"Vadodara, Gujarat",Not specified
Intern PowerApps Developer,"Noida, Uttar Pradesh","₹15,000 a month"
Angular Developer Intern/Fresher,"Noida, Uttar Pradesh",Not specified
Graphic Design/UI-UX Intern,Remote,"₹5,000 - ₹10,000 a month"
Mobile App Team: Flutter Developer,"Saravanampatti, Coimbatore, Tamil Nadu",Not specified
Fresher .NET/C# Developer,"Indore, Madhya Pradesh",Not specified
Sr. Java Developer,"Bengaluru, Karnataka",Not specified
Fresher 2024 | Software Developer,"Chennai, Tamil Nadu",Not specified
Software Developers-Fresher,Remote,Not specified
Software Developer,"Coimbatore, Tamil Nadu",Not specified
Software Engineer/Developer – Fresher/Experienced,Delhi,"₹2,10,000 - ₹3,00,000 a year"
Software Developer - Fresher,"Calicut, Kerala",Not specified
Software Engineer Fresher,"Thiruvananthapuram, Kerala",Not specified
TRAINEE SOFTWARE DEVELOPER,"Thane, Maharashtra","₹2,00,000 - ₹2,40,000 a year"
Software Fresher Interns,Remote,Not specified
Software Developer - Fresher,"Lucknow, Uttar Pradesh",Not specified
Software Developer Intern,"Calicut, Kerala","₹2,15,033.36 - ₹8,65,631.13 a year"
Software Engineer Trainee - Freshers,"Tirunelveli, Tamil Nadu",Not specified
Software Developer L1,"Delhi, Delhi",Not specified
Python Developer,"Kochi, Kerala",Not specified
Junior Software Developer,India,Not specified
Software Developer,"Bengaluru, Karnataka",Not specified
Software Developers - FRESHERS,Tamil Nadu,Not specified
Software Developer,"Puducherry, Puducherry",Not specified
SOFTWARE DEVELOPER,"Chennai, Tamil Nadu",Not specified
Software Developers,India,"₹3,50,000 - ₹4,80,000 a year"
Java J2EE / WEB / API developers,"Bengaluru, Karnataka","₹2,40,000 - ₹6,00,000 a year"
Technical Support Executive,"Aarey Milk Colony, Mumbai, Maharashtra","₹10,593.94 - ₹15,000.00 a month"
Software Test Engineer,"Vadavalli, Coimbatore, Tamil Nadu","₹18,000 - ₹25,000 a month"
Software Engineer,"Bengaluru, Karnataka",Not specified
Developer/ Software Engineer (Web/ App/ Game),"Patan, Gujarat","₹15,000 - ₹40,000 a month"
Technical Support Engineer (Trainee),"Delhi, Delhi","₹1,20,000 - ₹1,80,000 a year"
Embedded Firmware Engineer (Microcontroller) (Fresher),"Ahmedabad, Gujarat",Not specified
Software Engineer,"Hyderabad, Telangana",Not specified
Embedded Firmware Engineer (Linux) (Fresher),"Ahmedabad, Gujarat",Not specified
Hardware & Network Engineer,"Delhi, Delhi","₹15,000 - ₹20,000 a month"
Senior Web Engineer,"Rajendra Nagar, Indore, Madhya Pradesh",Not specified
"ASP.NET MVC Developer (Ahmedabad, Gujarat)","Ahmedabad, Gujarat",Not specified
Desktop Support Engineer DL1 Support Chennai Location (Field ),"Chennai, Tamil Nadu","₹1,56,000 - ₹2,00,000 a year"
Customer Support Engineer,"Trichur, Kerala","₹15,000 - ₹18,000 a month"
Junior Software Engineer,"Kottayam, Kerala","From ₹15,000 a month"
Senior Software Engineer (NodeJS/JavaScript/GCP),"Pune, Maharashtra",Not specified
Full Stack Developer,"Mumbai, Maharashtra","₹15,000 - ₹20,000 a month"
Embedded Software Developer,"Ahmedabad, Gujarat",Not specified
Quality Analyst (Manual Tester),"Salt Lake, Kolkata, West Bengal","₹96,000 - ₹2,20,000 a year"
Software Engineer,"Katargam, Surat, Gujarat","₹8,000 - ₹15,000 a month"
MANAGER,"Madurai, Tamil Nadu",Not specified
Looking for Node Js Developer,"Bhilai, Chhattisgarh","₹20,000 - ₹35,000 a month"
Full Stack Developer,"Katargam, Surat, Gujarat","From ₹12,000 a month"
Flutter Developer,"Vellore, Tamil Nadu","From ₹20,000 a month"
Quality Analyst Intern,"Satellite, Ahmedabad, Gujarat","₹5,000 - ₹7,000 a month"
Python Full Stack Developer Intern,"Pune, Maharashtra","₹4,000 - ₹5,000 a month"
Junior PHP Developer,"Bhavnagar, Gujarat","₹9,000 - ₹40,000 a month"
FLUTTER DEVELOPER,"Ahmedabad, Gujarat",Not specified
Python Developer - Javascript/Linux,"Noida, Uttar Pradesh",Not specified
Angular Developer Intern,"Noida, Uttar Pradesh","₹5,000 a month"
iOS Developer - Fresher,"Sahibzada Ajit Singh Nagar, Ludhiana, Punjab",Not specified
React Native Developer,"Calicut, Kerala","₹8,000 - ₹25,000 a month"
PHP Developer,"Indore, Madhya Pradesh",Not specified
PHP Web Developer,"Noida, Uttar Pradesh","₹8,000 - ₹20,000 a month"
React Native Developers” (Mobile App Developer),"Palghar, Maharashtra",Not specified
IOS Developer,"Hyderabad, Telangana",Not specified
Sr. iOS Developer,"Surat, Gujarat",Not specified
Developer eLeaning,"Bhubaneswar, Orissa","₹7,000 - ₹10,000 a month"
ASP.NET Developer,"Pune, Maharashtra","₹9,891.50 - ₹47,389.84 a month"
Laravel Developer,"Vellore, Tamil Nadu",Not specified
PHP Developer Trainee,"Adajan, Surat, Gujarat","₹8,000 - ₹14,000 a month"
Backend Developer,"Egmore, Chennai, Tamil Nadu","From ₹19,500 a month"
Sr. Java Developer,"Bengaluru, Karnataka",Not specified
Dot Net Developer - Fresher,"Mumbai, Maharashtra",Not specified
ASP.NET Developer Freshers,"Ahmedabad, Gujarat",Not specified
Jr. Flutter Developer (Fresher),"Indore, Madhya Pradesh",Not specified
Web Developer,"Thane, Maharashtra","₹15,000 - ₹20,000 a month"
JavaScript Developer,"Vadodara, Gujarat",Not specified
React Native Developer,"Chennai, Tamil Nadu","₹10,000 - ₹50,000 a month"
Tech Lead / Senior / Junior Software Engineer – Java,"Mumbai, Maharashtra",Not specified
Jr. Node js developer,"Malad, Mumbai, Maharashtra","₹1,08,000 - ₹3,60,000 a year"
Full Stack Developer (Node / Mongo / React),"Chennai, Tamil Nadu",Not specified
Web Developer,"T Nagar, Chennai, Tamil Nadu",Not specified
.Net Developer (Software Engineer - .Net),"Ahmedabad, Gujarat",Not specified
.Net Developer (Software Engineer - .Net),"Ahmedabad, Gujarat",Not specified
Trainee GIS Application Developer,"Hyderabad, Telangana",Not specified
Looking for Node Js Developer,"Bhilai, Chhattisgarh","₹20,000 - ₹35,000 a month"
Software Engineer / Developer (Laravel and Angular framework),"Mumbai, Maharashtra",Not specified
Full Stack Developer,"Mumbai, Maharashtra","₹15,000 - ₹20,000 a month"
Web Developer,"Noida, Uttar Pradesh",Not specified
WordPress Developer,"Thergaon, Pune, Maharashtra",Not specified
Looking for Node Js Developer,"Bhilai, Chhattisgarh","₹20,000 - ₹35,000 a month"
Full Stack Developer,"Mumbai, Maharashtra","₹15,000 - ₹20,000 a month"
WordPress Developer,"Thergaon, Pune, Maharashtra",Not specified
Junior ASP.NET Developer,"Surat, Gujarat",Not specified
Junior PHP Developer,"Bengaluru, Karnataka",Not specified
Flutter Developer (Intern),"Noida, Uttar Pradesh","₹2,00,000 - ₹3,00,000 a year"
iOS Developer,"Surat, Gujarat","₹15,000 - ₹35,000 a month"
Software Engineer - PHP ( Full-time / Part-time Internship ),"Thane, Maharashtra",Not specified
Full Stack Developer (.NET),"Navi Mumbai, Maharashtra",Not specified
Full Stack Developer,"Katargam, Surat, Gujarat","From ₹12,000 a month"
ASP.NET and SQL Developer,"Mahape, Maharashtra",Not specified
Linux Developer,"Baner, Pune, Maharashtra","From ₹25,000 a month"
.NET Developer,"Chennai, Tamil Nadu",Not specified
Golang Developer,"Saket, Delhi, Delhi",Not specified
Angular Web Developer job opening,"Ahmedabad, Gujarat",Not specified
Flutter Developer,"Vellore, Tamil Nadu","From ₹20,000 a month"
React.js Developer,"Vadodara, Gujarat",Not specified
QA QA Engineer (Automation),"Rajkot, Gujarat",Not specified
Flutter Developer Jobs,"Mira Road, Mumbai, Maharashtra","₹1,50,000 - ₹4,50,000 a year"
Android Developer,"Bengaluru, Karnataka",Not specified
QA QA Engineer (Automation),"Rajkot, Gujarat",Not specified
DOT NET WEB DEVELOPER,"Bengaluru, Karnataka",Not specified
Junior IOS Developer,"Calicut, Kerala",Not specified
Quality Analyst Intern,"Satellite, Ahmedabad, Gujarat","₹5,000 - ₹7,000 a month"
Android Developer (JAVA/ XML/ SQLite/ Realm Java/ Retrofit),"Chennai, Tamil Nadu",Not specified
iPhone Developer,"Coimbatore, Tamil Nadu",Not specified
Jr. IOS Developer (Immediate Joinee),"Bhugaon, Pune, Maharashtra",Not specified
Angular Developer Intern,"Noida, Uttar Pradesh","₹5,000 a month"
Web/PHP CodeIgniter Developer,"Mira Road, Mumbai, Maharashtra","₹2,40,000 - ₹8,00,000 a year"
Business Analyst – Content Developer Kolkata,"Kolkata, West Bengal",Not specified
Angular Developer (Experienced),"Hyderabad, Telangana",Not specified
Ruby on Rails (ROR) Developer (Freshers welcome),"Gurugram, Haryana",Not specified
iOS Developer,"Rajkot, Gujarat",Not specified
PHP Developer,"Thergaon, Pune, Maharashtra",Not specified
Sr. iOS Developer,"Surat, Gujarat",Not specified
Jr. Java Developer,"Udaipur, Rajasthan",Not specified
Flutter Developer,"Jaipur, Rajasthan",Not specified
IOS Developer,"Surat, Gujarat",Not specified
PHP Developer,"Thane, Maharashtra",Not specified
PHP Developer,"Nagpur, Maharashtra",Not specified
Backend Developer,"Egmore, Chennai, Tamil Nadu","From ₹19,500 a month"
Front End Developer,"Vadodara, Gujarat",Not specified
Front End Developer,"Vadodara, Gujarat",Not specified
Intern PowerApps Developer,"Noida, Uttar Pradesh","₹15,000 a month"
Sr. Java Developer,"Bengaluru, Karnataka",Not specified
Dot Net Developer - Fresher,"Mumbai, Maharashtra",Not specified
PHP Developer Fresher / Intern,"Bapatla, Andhra Pradesh","₹1,80,000 - ₹3,00,000 a year"
MERN Stack Developer,"Chandigarh, Chandigarh","₹30,000 - ₹45,000 a month"
Junior QA Engineer,"Bengaluru, Karnataka",Not specified
Full Stack Developer Intern,"Mysuru, Karnataka","₹5,000 - ₹12,000 a month"
Embedded Systems Developer (1,"Bengaluru, Karnataka",Not specified
ASP.NET Developer Freshers,"Ahmedabad, Gujarat",Not specified
Jr. Flutter Developer (Fresher),"Indore, Madhya Pradesh",Not specified
React.js Developer,"Anand, Gujarat",Not specified
React Developer (Freshers Welcome),"Gurugram, Haryana",Not specified
UI/UX DEVELOPER,"Bhubaneswar, Orissa",Not specified
Web Developer,"Thane, Maharashtra","₹15,000 - ₹20,000 a month"
JavaScript Developer,"Vadodara, Gujarat",Not specified
React Native Developer,"Chennai, Tamil Nadu","₹10,000 - ₹50,000 a month"
React Native Front-end Developer Trainee,Remote,Not specified
Backend Developer,"Egmore, Chennai, Tamil Nadu","From ₹19,500 a month"
Web Developer (Intern),"Navi Mumbai, Maharashtra",Not specified
Java Developer,"Coimbatore, Tamil Nadu",Not specified
Web Development Intern,"Bengaluru, Karnataka",Not specified
Associate Developer - Scala,Remote,"₹12,000 - ₹30,000 a month"
JAVA DEVELOPER,"Pune, Maharashtra",Not specified
Java Developer,"Tiruchchirappalli, Tamil Nadu",Not specified
Application Developer (Fresher),"Hyderabad, Telangana",Not specified
Junior Software Developer,"Indore, Madhya Pradesh","₹3,08,000 a year"
Web Developer - Freshers,"Banaswadi, Bengaluru, Karnataka",Not specified
Trainee Software Developers ( Freshers ),"Hyderabad, Telangana",Not specified
Software Developers Java,"Chennai, Tamil Nadu",Not specified
Fresher – Software Developer - Dot Net,"Ahmedabad, Gujarat","₹15,000 - ₹20,000 a month"
Software Developer,"Mohali, Punjab","₹2,00,000 - ₹2,40,000 a year"
Junior Developer Intern,"Goa, Goa","₹2,000 a month"
Software Developers Trainee (.Net),Kerala,Not specified
Full stack Developer,"Saravanampatti, Coimbatore, Tamil Nadu",Not specified
Junior Web Developer (Trainee),"Bengaluru, Karnataka",Not specified
SOFTWARE DEVELOPMENT AND R&D,"Bengaluru, Karnataka",Not specified
Web / UI Developer (HTML5 / CSS3 / JavaScript),"Chennai, Tamil Nadu",Not specified
Backend Developer,"Egmore, Chennai, Tamil Nadu","From ₹19,500 a month"
Web Developer,"Lucknow, Uttar Pradesh",Not specified
Front End Developer,"Vadodara, Gujarat",Not specified
Salesforce Developer,"Indore, Madhya Pradesh",Not specified
Embedded Software Developer,"Vadodara, Gujarat",Not specified
Web Developer,"Lucknow, Uttar Pradesh",Not specified
Front End Developer,"Vadodara, Gujarat",Not specified
Intern PowerApps Developer,"Noida, Uttar Pradesh","₹15,000 a month"
Graphic Design/UI-UX Intern,Remote,"₹5,000 - ₹10,000 a month"
Mobile App Team: Flutter Developer,"Saravanampatti, Coimbatore, Tamil Nadu",Not specified
Fresher .NET/C# Developer,"Indore, Madhya Pradesh",Not specified
Sr. Java Developer,"Bengaluru, Karnataka",Not specified
Dot Net Developer - Fresher,"Mumbai, Maharashtra",Not specified
Software Developers,"Ahmedabad, Gujarat",Not specified
Software/Web Developer,"Jodhpur, Rajasthan",Not specified
PHP Developer Fresher / Intern,"Bapatla, Andhra Pradesh","₹1,80,000 - ₹3,00,000 a year"
Java Developer,"Kolkata, West Bengal",Not specified
Java Developer,"Bengaluru, Karnataka",Not specified
Full Stack Developer,"Airoli, Navi Mumbai, Maharashtra","₹10,37,031.81 - ₹17,02,419.63 a year"
MERN Stack Developer,"Chandigarh, Chandigarh","₹30,000 - ₹45,000 a month"
Design Engineer (CATIA Software) Female candidate only,"Pune, Maharashtra","₹12,000 - ₹15,000 a month"
Technical Support Engineer Trainee,"Chennai, Tamil Nadu","₹12,000 - ₹15,000 a month"
Senior Platform Engineer,"Thiruvananthapuram, Kerala",Not specified
Embedded Systems Engineer,"Aurangabad, Maharashtra",Not specified
Computer Hardware & Networking Engineer,"Andheri, Mumbai, Maharashtra","Up to ₹20,000 a month"
Field Engineer,"Ahmedabad, Gujarat","₹13,000 - ₹20,000 a month"
Residential Computer Engineer Fresher,"Borivali, Mumbai, Maharashtra","₹8,000 - ₹12,000 a month"
Field Support Engineer,"Indore, Madhya Pradesh","₹11,000 - ₹16,000 a month"
Computer Hardware & Networking Engineer,"Baramula, Jammu and Kashmir","₹10,000 - ₹18,000 a month"
Software Engineer,"Lucknow, Uttar Pradesh",Not specified
Software Support Engineer,"Koramangala, Bengaluru, Karnataka","₹20,000 - ₹30,000 a month"
Associate Software Engineer,"Vadodara, Gujarat","₹2,40,000 - ₹5,50,000 a year"
Fresher software engineer in cyberpark,"Calicut, Kerala","₹9,000 - ₹13,000 a month"
Fresher software engineer intern,"Cannanore, Kerala","₹9,000 - ₹13,000 a month"
Associate Engineer,"Somajiguda, Hyderabad, Telangana","₹45,000 - ₹60,000 a month"
Software Test Engineer,"Chennai, Tamil Nadu",Not specified
Software Engineer,"Calicut, Kerala",Not specified
Junior Software Engineer (Asp.net),"Kochi, Kerala","₹10,000 - ₹12,000 a month"
JUNIOR SOFTWARE TECHNICAL SUPPORT ENGINEER,"Kochi, Kerala","₹7,000 - ₹10,000 a month"
Software Engineer Internship Program,"Coimbatore, Tamil Nadu","From ₹10,000 a month"
Backend Developer,"Egmore, Chennai, Tamil Nadu","From ₹19,500 a month"
Python Developer,"Trichur, Kerala",Not specified
MERN Stack Fresher,"Thane, Maharashtra","₹12,000 - ₹25,000 a month"
Web Developer,"Lucknow, Uttar Pradesh",Not specified
Full stack Developer Fresher,"Saravanampatti, Coimbatore, Tamil Nadu","₹5,000 - ₹10,000 a month"
Front End Developer,"Vadodara, Gujarat",Not specified
Salesforce Developer,"Indore, Madhya Pradesh",Not specified
Embedded Software Developer,"Vadodara, Gujarat",Not specified
Full Stack Developer,"Ahmedabad, Gujarat","₹10,000 - ₹40,000 a month"
IQ012 Full-stack Web Platform Developer,"Bengaluru, Karnataka",Not specified
Python Developer Intern,"Calicut, Kerala","₹3,500 - ₹12,000 a month"
Web Developer,"Lucknow, Uttar Pradesh",Not specified
Backend Developer,"Mumbai, Maharashtra",Not specified
Next Js Software Developer,"Faridabad, Haryana","From ₹15,000 a month"
OutSystems Developer,"Satna, Madhya Pradesh","₹2,00,000 - ₹5,00,000 a year"
Front-End Web Developer,"Surat, Gujarat",Not specified
Data Base Developer,Delhi,Not specified
Front End Developer,"Vadodara, Gujarat",Not specified
Intern PowerApps Developer,"Noida, Uttar Pradesh","₹15,000 a month"
Angular Developer Intern/Fresher,"Noida, Uttar Pradesh",Not specified
Jr. IOS Developer (Immediate Joinee),"Bhugaon, Pune, Maharashtra",Not specified
WordPress Developer,"Aurangabad, Maharashtra",Not specified
Electronics/Embedded Internship,"Mumbai, Maharashtra",Not specified
ASP .Net Web Developer,"Ludhiana, Punjab",Not specified
React Native Developer,"Surat, Gujarat",Not specified
Linux Server Admin,"Rajkot, Gujarat",Not specified
Effulgence Manpower Solution - Parvati Darshan,"Parvati, Pune, Maharashtra",Not specified
iOS Developer,"Mohali, Punjab","₹12,000 - ₹35,000 a month"
Sr. Android Developer (Immediate Joiner),"Bhugaon, Pune, Maharashtra",Not specified
Support Executive,"Mumbai, Maharashtra",Not specified
React Native Developer,"Mohali, Punjab","₹1,50,000 - ₹1,80,000 a year"
Smart PHP Developer,"Surat, Gujarat",Not specified
Laravel Developer,"Vadodara, Gujarat",Not specified
IOS Developer,"Indore, Madhya Pradesh",Not specified
Associate Application Developer – Warehouse Automation,"Chennai, Tamil Nadu",Not specified
PHP Intern,"Zirakpur, Punjab",Not specified
PHP Developer (6 months to 2 years),"Mohali, Punjab",Not specified
PHP Developer,"Rajkot, Gujarat","₹12,000 - ₹30,000 a month"
React Native Developer,"Kolkata, West Bengal",Not specified
IOS/Android Developer,"Thiruvananthapuram, Kerala",Not specified
Backend Developer,"Egmore, Chennai, Tamil Nadu","From ₹19,500 a month"
Front End Developer,"Vadodara, Gujarat",Not specified
Sr. Java Developer,"Bengaluru, Karnataka",Not specified
Dot Net Developer - Fresher,"Mumbai, Maharashtra",Not specified
Junior QA Engineer,"Bengaluru, Karnataka",Not specified
Full Stack Developer Intern,"Mysuru, Karnataka","₹5,000 - ₹12,000 a month"
Embedded Systems Developer (1,"Bengaluru, Karnataka",Not specified
ASP.NET Developer Freshers,"Ahmedabad, Gujarat",Not specified
Jr. Flutter Developer (Fresher),"Indore, Madhya Pradesh",Not specified
React.js Developer,"Anand, Gujarat",Not specified
Web Developer,"Thane, Maharashtra","₹15,000 - ₹20,000 a month"
JavaScript Developer,"Vadodara, Gujarat",Not specified
React Native Developer,"Chennai, Tamil Nadu","₹10,000 - ₹50,000 a month"
Tech Lead / Senior / Junior Software Engineer – Java,"Mumbai, Maharashtra",Not specified
Jr. Node js developer,"Malad, Mumbai, Maharashtra","₹1,08,000 - ₹3,60,000 a year"
Low Latency Software Developer ( C++ ),"Gandhinagar, Gujarat",Not specified
Full Stack Developer (Node / Mongo / React),"Chennai, Tamil Nadu",Not specified
Web Developer,"T Nagar, Chennai, Tamil Nadu",Not specified
.Net Developer (Software Engineer - .Net),"Ahmedabad, Gujarat",Not specified
.Net Developer (Software Engineer - .Net),"Ahmedabad, Gujarat",Not specified
Looking for Node Js Developer,"Bhilai, Chhattisgarh","₹20,000 - ₹35,000 a month"
Full Stack Developer,"Mumbai, Maharashtra","₹15,000 - ₹20,000 a month"
Junior ASP.NET Developer,"Surat, Gujarat",Not specified
iOS Developer,"Surat, Gujarat","₹15,000 - ₹35,000 a month"
Full Stack Developer (.NET),"Navi Mumbai, Maharashtra",Not specified
Full Stack Developer,"Katargam, Surat, Gujarat","From ₹12,000 a month"
ASP.NET and SQL Developer,"Mahape, Maharashtra",Not specified
.NET Developer,"Chennai, Tamil Nadu",Not specified
Golang Developer,"Saket, Delhi, Delhi",Not specified
Flutter Developer,"Vellore, Tamil Nadu","From ₹20,000 a month"
QA QA Engineer (Automation),"Rajkot, Gujarat",Not specified
Flutter Developer Jobs,"Mira Road, Mumbai, Maharashtra","₹1,50,000 - ₹4,50,000 a year"
Codeigniter Developer,"Surat, Gujarat",Not specified
DOT NET WEB DEVELOPER,"Bengaluru, Karnataka",Not specified
Python/ PHP Developer,"Thiruvananthapuram, Kerala",Not specified
Junior IOS Developer,"Calicut, Kerala",Not specified
"Java,.net,Python,Android,Web Designing,Software Testing","Pune, Maharashtra","₹49,000 a year"
Flutter Developer,"Surat, Gujarat",Not specified
Junior Embedded Developer,"Bengaluru, Karnataka",Not specified
Flutter Developer,"Surat, Gujarat",Not specified
Backend Developer,"Egmore, Chennai, Tamil Nadu","From ₹19,500 a month"
Software Developer Intern,"Noida, Uttar Pradesh",Not specified
MERN Stack Fresher,"Thane, Maharashtra","₹12,000 - ₹25,000 a month"
Full stack Developer Fresher,"Saravanampatti, Coimbatore, Tamil Nadu","₹5,000 - ₹10,000 a month"
Full Stack Developer,"Ahmedabad, Gujarat","₹10,000 - ₹40,000 a month"
Python Developer Intern,"Calicut, Kerala","₹3,500 - ₹12,000 a month"
Next Js Software Developer,"Faridabad, Haryana","From ₹15,000 a month"
Trainee Technical Support cum Software Tester,"Navi Mumbai, Maharashtra",Not specified
Full Stack Developer,"Noida, Uttar Pradesh","₹25,805 - ₹1,05,027 a month"
OutSystems Developer,"Satna, Madhya Pradesh","₹2,00,000 - ₹5,00,000 a year"
Front-End Web Developer,"Surat, Gujarat",Not specified
DevOps Intern,"Chennai, Tamil Nadu","₹1,00,000 - ₹2,00,000 a year"
Intern PowerApps Developer,"Noida, Uttar Pradesh","₹15,000 a month"
Angular Developer Intern/Fresher,"Noida, Uttar Pradesh",Not specified
Mobile App Team: Flutter Developer,"Saravanampatti, Coimbatore, Tamil Nadu",Not specified
IoT Backend Software Developer Intern,"Nikol, Ahmedabad, Gujarat",Not specified
Software/Web Developer,"Jodhpur, Rajasthan",Not specified
Full Stack Developer Intern,"Chennai, Tamil Nadu","₹60,000 - ₹1,20,000 a year"
DotNet Developer - Fresher,"Hyderabad, Telangana",Not specified
Software Test Engineer,"Chennai, Tamil Nadu","₹12,000 - ₹18,000 a month"
MERN Stack Fresher,"Thane, Maharashtra","₹12,000 - ₹25,000 a month"
Full-stack Developer (MERN),"Surat, Gujarat","₹3,00,000 - ₹6,00,000 a year"
MERN Stack Developer,Remote,Not specified
MERN Stack Intern,Remote,"₹3,00,000 - ₹5,00,000 a year"
MERN Stack Developer Intern,"Pune, Maharashtra","₹12,577.90 - ₹15,000.00 a month"
MERN Stack Developer,"Chandigarh, Chandigarh","₹30,000 - ₹45,000 a month"
MERN Stack Developer,"Tiruchchirappalli, Tamil Nadu","₹20,000 - ₹30,000 a month"
Full Stack Developer Intern,"Nikol, Ahmedabad, Gujarat",Not specified
MERN Stack Developer,"Vashi, Navi Mumbai, Maharashtra","₹2,00,000 - ₹3,00,000 a year"
Full Stack Developer,"Panchkula, Haryana","₹16,608.23 - ₹45,680.29 a month"
Full Stack Developer (1 year Exp),"Surat, Gujarat","₹2,40,000 - ₹2,50,000 a year"
MERN Stack Developer,"Mahalaxmi Nagar, Indore, Madhya Pradesh","From ₹15,000 a month"
MERN Stack Developer,"Narikeldanga, West Bengal","₹6,000 - ₹25,000 a month"
Full Stack Trainer - MERN/Python,"Bengaluru, Karnataka","₹3,00,000 - ₹5,00,000 a year"
ReactJS Developer (Intern),"Dwarka, Nashik, Maharashtra","₹5,000 - ₹10,000 a month"
Industrial Training/Internship for Mern Stack Developer,"Mohali, Punjab",Not specified
Web Developer Intership,"Mumbai, Maharashtra","₹6,000 - ₹15,000 a month"
MERN Stack Developer,"Baguihati, Kolkata, West Bengal","₹10,000 - ₹20,000 a month"
MEAN/MERN STACK DEVELOPER,"Gandhinagar, Gujarat",Not specified
Blockchain Consultants,"Saravanampatti, Coimbatore, Tamil Nadu",Not specified
Full Stack Developer,"Katargam, Surat, Gujarat","From ₹12,000 a month"
Flutter Developer,"Vellore, Tamil Nadu","From ₹20,000 a month"
Quality Analyst Intern,"Satellite, Ahmedabad, Gujarat","₹5,000 - ₹7,000 a month"
Python Full Stack Developer Intern,"Pune, Maharashtra","₹4,000 - ₹5,000 a month"
Angular Developer Intern,"Noida, Uttar Pradesh","₹5,000 a month"
iOS Developer - Fresher,"Sahibzada Ajit Singh Nagar, Ludhiana, Punjab",Not specified
Game Developer,"Calicut, Kerala",Not specified
React Native Developer,"Calicut, Kerala","₹8,000 - ₹25,000 a month"
PHP Developer,"Indore, Madhya Pradesh",Not specified
Sr. iOS Developer,"Surat, Gujarat",Not specified
Developer eLeaning,"Bhubaneswar, Orissa","₹7,000 - ₹10,000 a month"
ASP.NET Developer,"Pune, Maharashtra","₹9,891.50 - ₹47,389.84 a month"
PHP Developer Trainee,"Adajan, Surat, Gujarat","₹8,000 - ₹14,000 a month"
Jr. Dot Net Developer,"Mohali, Punjab","₹10,000 - ₹15,000 a month"
Jr. PHP Developer,"Mohali, Punjab","₹5,000 - ₹15,000 a month"
PHP Developer,"Lucknow, Uttar Pradesh","₹20,000.00 - ₹40,450.34 a month"
Dot Net Developer,"Calicut, Kerala","₹12,060.10 - ₹59,731.04 a month"
IOS Developer,"Mohali, Punjab","₹10,000 - ₹50,000 a month"
React Native Developer,"Mohali, Punjab","₹12,000 - ₹40,000 a month"
Sr. PHP Developer,"Nagpur, Maharashtra","₹9,667.67 - ₹38,145.91 a month"
Full Stack Developer,"Katargam, Surat, Gujarat","From ₹12,000 a month"
Quality Analyst Intern,"Satellite, Ahmedabad, Gujarat","₹5,000 - ₹7,000 a month"
Python Full Stack Developer Intern,"Pune, Maharashtra","₹4,000 - ₹5,000 a month"
Angular Developer Intern,"Noida, Uttar Pradesh","₹5,000 a month"
Game Developer,"Calicut, Kerala",Not specified
PHP Developer,"Indore, Madhya Pradesh",Not specified
Sr. iOS Developer,"Surat, Gujarat",Not specified
Jr. Dot Net Developer,"Mohali, Punjab","₹10,000 - ₹15,000 a month"
Jr. PHP Developer,"Mohali, Punjab","₹5,000 - ₹15,000 a month"
Dot Net Developer,"Calicut, Kerala","₹12,060.10 - ₹59,731.04 a month"
IOS Developer,"Mohali, Punjab","₹10,000 - ₹50,000 a month"
React Native Developer,"Mohali, Punjab","₹12,000 - ₹40,000 a month"
MBA Internship,"Noida, Uttar Pradesh","₹15,000 - ₹25,000 a month"
Flutter Developer,"Mohali, Punjab","₹10,000 - ₹20,000 a month"
Dot Net Developer,"Mohali, Punjab","₹15,000 - ₹40,000 a month"
Flutter Developer,"Surat, Gujarat","₹10,000 - ₹25,000 a month"
Ruby on Rails Developer,"New Mankapur, Nagpur, Maharashtra","₹1,20,000.49 - ₹2,50,000.73 a year"
PHP Developer,"Nagercoil, Tamil Nadu","₹10,000 - ₹25,000 a month"
React Native Developer,"Mota Varachha, Surat, Gujarat",Not specified
IT Support Executive,"Jaipur, Rajasthan","₹15,000 - ₹18,000 a month"
Backend Developer,"Egmore, Chennai, Tamil Nadu","From ₹19,500 a month"
Web Developer,"Thane, Maharashtra","₹15,000 - ₹20,000 a month"
Trainee GIS Application Developer,"Hyderabad, Telangana",Not specified
Looking for Node Js Developer,"Bhilai, Chhattisgarh","₹20,000 - ₹35,000 a month"
Software Engineer / Developer (Laravel and Angular framework),"Mumbai, Maharashtra",Not specified
Full Stack Developer,"Mumbai, Maharashtra","₹15,000 - ₹20,000 a month"
WordPress Developer,"Thergaon, Pune, Maharashtra",Not specified
Junior ASP.NET Developer,"Surat, Gujarat",Not specified
React JS Developer 3-5 Years,"Bengaluru, Karnataka","₹4,00,000 - ₹8,00,000 a year"
Junior PHP Developer,"Bengaluru, Karnataka",Not specified
Junior PHP Developer,"Delhi, Delhi",Not specified
Flutter Developer (Intern),"Noida, Uttar Pradesh","₹2,00,000 - ₹3,00,000 a year"
Wordpress Developer,"Navi Mumbai, Maharashtra",Not specified
iOS Developer,"Surat, Gujarat","₹15,000 - ₹35,000 a month"
Software Engineer - PHP ( Full-time / Part-time Internship ),"Thane, Maharashtra",Not specified
Full Stack Developer (.NET),"Navi Mumbai, Maharashtra",Not specified
Full Stack Developer,"Katargam, Surat, Gujarat","From ₹12,000 a month"
ASP.NET and SQL Developer,"Mahape, Maharashtra",Not specified
No Code Platform Bubble.io Developer,"Surat, Gujarat",Not specified
Linux Developer,"Baner, Pune, Maharashtra","From ₹25,000 a month"
Python Developer,"Kochi, Kerala",Not specified
SOFTWARE DEVELOPER,"Chennai, Tamil Nadu",Not specified
Java J2EE / WEB / API developers,"Bengaluru, Karnataka","₹2,40,000 - ₹6,00,000 a year"
Software Developer Intern,"Thiruvananthapuram, Kerala",Not specified
Software Developer/Front-end,"Kolkata, West Bengal",Not specified
Software Developer,"Chennai, Tamil Nadu",Not specified
Java Freshers,"Delhi, Delhi",Not specified
Backend Developer,"Egmore, Chennai, Tamil Nadu","From ₹19,500 a month"
Trainee Software Developer,"Indore, Madhya Pradesh",Not specified
Java Developer (Fresher),"Navi Mumbai, Maharashtra",Not specified
Software Engineer (Fresher) - TI,"Bengaluru, Karnataka","₹3,00,000 - ₹5,00,000 a year"
Software Intern,Remote,Not specified
Software Developer (.NET Platform) Fresher,"Ahmedabad, Gujarat",Not specified
Junior Software Developer,"Vijayawada, Andhra Pradesh","₹20,000 - ₹25,000 a month"
ENGINEER TRAINEE- SOFTWARE DEVELOPMENT,"Kottayam, Kerala",Not specified
Web Developer (Intern),"Navi Mumbai, Maharashtra",Not specified
Software Developer,"Gurugram, Haryana","₹2,00,000 - ₹4,00,000 a year"
Software Developer - Java,"Delhi, Delhi",Not specified
Java Developer,"Coimbatore, Tamil Nadu",Not specified
Software Developer,"Nagpur, Maharashtra",Not specified
Android Developer (JAVA/ XML/ SQLite/ Realm Java/ Retrofit),"Chennai, Tamil Nadu",Not specified
Jr. IOS Developer (Immediate Joinee),"Bhugaon, Pune, Maharashtra",Not specified
Business Analyst – Content Developer Kolkata,"Kolkata, West Bengal",Not specified
Angular Developer (Experienced),"Hyderabad, Telangana",Not specified
Software Tester Trainer,"Navrangpura, Ahmedabad, Gujarat","₹5,000 - ₹8,000 a month"
UX- Figma Developer,"Noida, Uttar Pradesh",Not specified
iOS Development,"Bengaluru, Karnataka",Not specified
IOS Developer,"Mohali, Punjab","₹10,000 - ₹50,000 a month"
WordPress Developer,"Aurangabad, Maharashtra",Not specified
Flutter Developer,"Mohali, Punjab","₹10,000 - ₹20,000 a month"
Electronics/Embedded Internship,"Mumbai, Maharashtra",Not specified
ASP .Net Web Developer,"Ludhiana, Punjab",Not specified
PHP Backend Developer,"Hubli, Karnataka",Not specified
Magento Developers,"Coimbatore, Tamil Nadu",Not specified
React Native Developer,"Surat, Gujarat",Not specified
Vue.js Developer,"Anand, Gujarat",Not specified
PHP Developer,"Mira Road, Mumbai, Maharashtra",Not specified
JUNIOR PYTHON DEVELOPER - FEMALE,"Gandhipuram, Coimbatore, Tamil Nadu","₹8,000 - ₹10,000 a month"
FEMALE JUNIOR PYTHON DEVELOPER,"Gandhipuram, Coimbatore, Tamil Nadu","₹8,000 - ₹10,000 a month"
DOT NET Developer,"Thane, Maharashtra",Not specified
iOS Developer,"Mohali, Punjab","₹12,000 - ₹35,000 a month"
PHP Web Developer,"Lucknow, Uttar Pradesh","From ₹7,000 a month"
Senior PHP Developer,"Vadodara, Gujarat","From ₹10,000 a month"
Customer Support Engineer,"Calicut, Kerala","₹7,500 - ₹12,000 a month"
Sr. iOS Developer,"Katargam, Surat, Gujarat","₹25,000 - ₹50,000 a month"
PHP Developer (Fresher/Entry Level),"Indore, Madhya Pradesh",Not specified
PHP Developer,"Rajkot, Gujarat","₹12,000 - ₹30,000 a month"
Graphic & Web Designer,"Mohali, Punjab","₹10,000 - ₹20,000 a month"
Wordpress Developer,"Ambala, Haryana","₹5,000 - ₹8,000 a month"
Flutter Developer,"Salt Lake, Kolkata, West Bengal","₹8,000 - ₹25,000 a month"
Flutter DEVELOPERS” (Mobile App Developer),"Palghar, Maharashtra",Not specified
Sr. Android Developer,"Surat, Gujarat",Not specified
Backend Developer,"Egmore, Chennai, Tamil Nadu","From ₹19,500 a month"
Software Developer Intern,"Noida, Uttar Pradesh",Not specified
Software Test Engineer,"Bengaluru, Karnataka","Up to ₹3,00,000 a year"
Python Developer,"Trichur, Kerala",Not specified
MERN Stack Fresher,"Thane, Maharashtra","₹12,000 - ₹25,000 a month"
"ReactJS Developer(hiring Freshers ,looking for female candidates)","Gurugram, Haryana","₹15,000 - ₹40,000 a month"
Innobot Health is hiring for freshers as Trainee RPA Developer,"Mysuru, Karnataka","₹15,173.42 - ₹35,001.02 a month"
Full Stack Dot.Net Developer (FRESHERS),"Kochi, Kerala",Not specified
Software Developer Trainee,"Meerut, Uttar Pradesh",Not specified
Fresher / Jr.Software Developer,Gujarat,"₹7,000 - ₹15,000 a month"
Software Developer,"Vadodara, Gujarat",Not specified
Software Developer,"Arera Colony, Bhopal, Madhya Pradesh","₹12,000 - ₹25,000 a month"
Web Developer,"Lucknow, Uttar Pradesh",Not specified
Full stack Developer Fresher,"Saravanampatti, Coimbatore, Tamil Nadu","₹5,000 - ₹10,000 a month"
Software Developer (ASP.Net),"Gurugram, Haryana",Not specified
Urgent Hiring for Software Tester ( QA ) Fresher,"Ahmedabad, Gujarat","₹1,20,000 - ₹1,35,000 a year"
Angular Developer – Fresher,"Bengaluru, Karnataka",Not specified
Front End Developer,"Vadodara, Gujarat",Not specified
Salesforce Developer,"Indore, Madhya Pradesh",Not specified
Embedded Software Developer,"Vadodara, Gujarat",Not specified
Backend Developer,"Egmore, Chennai, Tamil Nadu","From ₹19,500 a month"
Software Developers Java,"Chennai, Tamil Nadu",Not specified
Software Developer Intern,"Noida, Uttar Pradesh",Not specified
Developer - FullStack (Python),"Bengaluru, Karnataka",Not specified
Software Test Engineer,"Bengaluru, Karnataka","Up to ₹3,00,000 a year"
Python Developer,"Trichur, Kerala",Not specified
MERN Stack Fresher,"Thane, Maharashtra","₹12,000 - ₹25,000 a month"
FRONT END DEVELOPER,"Pune, Maharashtra",Not specified
Mobile App Developer - Freshers,"Banaswadi, Bengaluru, Karnataka",Not specified
"ReactJS Developer(hiring Freshers ,looking for female candidates)","Gurugram, Haryana","₹15,000 - ₹40,000 a month"
Innobot Health is hiring for freshers as Trainee RPA Developer,"Mysuru, Karnataka","₹15,173.42 - ₹35,001.02 a month"
Full Stack Dot.Net Developer (FRESHERS),"Kochi, Kerala",Not specified
Software Developer Trainee,"Meerut, Uttar Pradesh",Not specified
Fresher / Jr.Software Developer,Gujarat,"₹7,000 - ₹15,000 a month"
Software Developer,"Vadodara, Gujarat",Not specified
Software Developer (.Net),"Coimbatore, Tamil Nadu","₹15,000 - ₹20,000 a month"
Software Developers,"Thane, Maharashtra",Not specified
Java Developer,"Chennai, Tamil Nadu","₹1,80,000 a year"
Software Developer,"Arera Colony, Bhopal, Madhya Pradesh","₹12,000 - ₹25,000 a month"
Intern Software Developer [Local Vadodara Only],"Vadodara, Gujarat",Not specified
Software Engineer Trainee,"Kochi, Kerala","₹1,50,000 - ₹1,80,000 a year"
Technical Support Engineer,"Raigarh Fort, Maharashtra","₹8,000 - ₹12,000 a month"
Network Support Engineer,"Kolkata, West Bengal","₹8,000 - ₹20,000 a month"
Jr. Software Engineer,"Dehra Dun, Uttarakhand","₹10,000 - ₹22,000 a month"
Full Stack Developer,"Calicut, Kerala",Not specified
Internship Network Engineer,"Saibaba Colony, Coimbatore, Tamil Nadu","₹10,000 a month"
Embedded Software Engineer,"Visakhapatnam, Andhra Pradesh","From ₹8,086 a month"
Software Engineer- DevOps,"Bengaluru, Karnataka",Not specified
Software Engineer - Data Engineer,"Bengaluru, Karnataka",Not specified
Technical Support Engineer,"Bengaluru, Karnataka","₹2,50,000 - ₹3,00,000 a year"
Software Engineer - Fullstack,"Bengaluru, Karnataka",Not specified
Software Test Engineer (QA),"Kolkata, West Bengal",Not specified
UI/UX Designer,"Mohali, Punjab","₹12,613.13 - ₹15,000.00 a month"
IT Field Service Engineer,"Marol Naka, Mumbai, Maharashtra","₹15,000 - ₹25,000 a month"
iOS Application Developer,"Noida, Uttar Pradesh","Up to ₹60,000 a month"
Hardware & Network Engineer Fresher,"Indore, Madhya Pradesh","₹5,000 - ₹6,000 a month"
Associate Software Engineer- (1 - 3 yrs.),"Kochi, Kerala",Not specified
QA Trainee,"Noida, Uttar Pradesh",Not specified
Full Stack Developer,"Airoli, Navi Mumbai, Maharashtra","₹10,37,031.81 - ₹17,02,419.63 a year"
Sr. Software Engineer (Team Lead),"Gurugram, Haryana","₹30,00,000 - ₹40,00,000 a year"
QA QA Engineer (Automation),"Rajkot, Gujarat",Not specified
DOT NET WEB DEVELOPER,"Bengaluru, Karnataka",Not specified
Android Developer (JAVA/ XML/ SQLite/ Realm Java/ Retrofit),"Chennai, Tamil Nadu",Not specified
iPhone Developer,"Coimbatore, Tamil Nadu",Not specified
Jr. IOS Developer (Immediate Joinee),"Bhugaon, Pune, Maharashtra",Not specified
Web/PHP CodeIgniter Developer,"Mira Road, Mumbai, Maharashtra","₹2,40,000 - ₹8,00,000 a year"
Business Analyst – Content Developer Kolkata,"Kolkata, West Bengal",Not specified
Angular Developer (Experienced),"Hyderabad, Telangana",Not specified
Ruby on Rails (ROR) Developer (Freshers welcome),"Gurugram, Haryana",Not specified
iOS Developer,"Rajkot, Gujarat",Not specified
PHP Developer,"Thane, Maharashtra",Not specified
Software Tester Trainer,"Navrangpura, Ahmedabad, Gujarat","₹5,000 - ₹8,000 a month"
UX- Figma Developer,"Noida, Uttar Pradesh",Not specified
iOS Development,"Bengaluru, Karnataka",Not specified
IOS Developer,"Mohali, Punjab","₹10,000 - ₹50,000 a month"
WordPress Developer,"Aurangabad, Maharashtra",Not specified
Flutter Developer,"Mohali, Punjab","₹10,000 - ₹20,000 a month"
Python Developer,"Chennai, Tamil Nadu","₹1,80,000 a year"
Electronics/Embedded Internship,"Mumbai, Maharashtra",Not specified
ASP .Net Web Developer,"Ludhiana, Punjab",Not specified
Backend Developer,"Egmore, Chennai, Tamil Nadu","From ₹19,500 a month"
Web Developer (Intern),"Navi Mumbai, Maharashtra",Not specified
Software Developers Java,"Chennai, Tamil Nadu",Not specified
Junior Web Developer (Trainee),"Bengaluru, Karnataka",Not specified
Web developer,"Mumbai, Maharashtra",Not specified
Software Developers,"Bhopal, Madhya Pradesh",Not specified
Software Engineer / Developer (.Net Technologies),"Mumbai, Maharashtra",Not specified
Trainee Software Developer Fresher,"Vadodara, Gujarat",Not specified
Software Developer Intern,"Noida, Uttar Pradesh",Not specified
Developer - FullStack (Python),"Bengaluru, Karnataka",Not specified
Python Developer,"Saket, Delhi, Delhi",Not specified
Software Test Engineer,"Bengaluru, Karnataka","Up to ₹3,00,000 a year"
Python Developer,"Trichur, Kerala",Not specified
MERN Stack Fresher,"Thane, Maharashtra","₹12,000 - ₹25,000 a month"
Business Analyst Intern,"Gurugram, Haryana","₹17,500 a month"
FRONT END DEVELOPER,"Pune, Maharashtra",Not specified
Mobile App Developer - Freshers,"Banaswadi, Bengaluru, Karnataka",Not specified
"ReactJS Developer(hiring Freshers ,looking for female candidates)","Gurugram, Haryana","₹15,000 - ₹40,000 a month"
Innobot Health is hiring for freshers as Trainee RPA Developer,"Mysuru, Karnataka","₹15,173.42 - ₹35,001.02 a month"
Full Stack Dot.Net Developer (FRESHERS),"Kochi, Kerala",Not specified
Jr. IOS Developer (Immediate Joinee),"Bhugaon, Pune, Maharashtra",Not specified
Sr. Android Developer (Immediate Joiner),"Bhugaon, Pune, Maharashtra",Not specified
Support Executive,"Mumbai, Maharashtra",Not specified
Smart PHP Developer,"Surat, Gujarat",Not specified
Sr. iOS Developer,"Katargam, Surat, Gujarat","₹25,000 - ₹50,000 a month"
IOS Developer,"Indore, Madhya Pradesh",Not specified
PHP Developer (6 months to 2 years),"Mohali, Punjab",Not specified
React Native Developer,"Kolkata, West Bengal",Not specified
IOS/Android Developer,"Thiruvananthapuram, Kerala",Not specified
ASP.NET Developer,"Konnagar, West Bengal","₹8,000 - ₹12,000 a month"
Graphic & Web Designer,"Mohali, Punjab","₹10,000 - ₹20,000 a month"
Wordpress Developer,"Ambala, Haryana","₹5,000 - ₹8,000 a month"
Junior PHP Developer,"Indore, Madhya Pradesh","₹7,000 - ₹10,000 a month"
Perl Developer,"Ahmedabad, Gujarat","₹1,75,000 - ₹2,75,000 a year"
Flutter DEVELOPERS” (Mobile App Developer),"Palghar, Maharashtra",Not specified
PHP Developer,"Udaipur, Rajasthan",Not specified
PHP Developer,"Ludhiana, Punjab",Not specified
ASP.NET developer,"Ambala, Haryana",Not specified
Laravel Developer,"Sahibzada Ajit Singh Nagar, Ludhiana, Punjab",Not specified
PHP/CI Developer,"Bhankrota, Jaipur, Rajasthan","From ₹15,000 a month"
AWS Cloud Engineer Immediate Joiners,"Nashik, Maharashtra",Not specified
Application Engineer,"Yeshwanthpur, Bengaluru, Karnataka","₹2,40,000 - ₹3,50,000 a year"
Embedded Software Engineer (Fresher),"Indiranagar, Bengaluru, Karnataka","₹5,000 - ₹15,000 a month"
Associate Software Engineer - On Job Training (OJT) Program,"Malkajgiri, Hyderabad, Telangana","From ₹1,20,000 a year"
Machine Learning Engineer,"Tambaram West, Chennai, Tamil Nadu","From ₹12,000 a month"
Automation Test Engineer,"Noida, Uttar Pradesh","Up to ₹35,000 a month"
Software Developer,"Gandhidham, Gujarat","₹1,80,000 a year"
Embedded Engineer,"Ambattur, Chennai, Tamil Nadu","₹20,000 - ₹25,000 a month"
Software Engineer,"Calicut, Kerala","₹12,000 - ₹15,000 a month"
Python Backend Developer,"Ahmedabad, Gujarat","₹12,000 - ₹50,000 a month"
Technical Support Engineer,"Egmore, Chennai, Tamil Nadu","₹20,000 - ₹35,000 a month"
Systems Engineer,India,Not specified
STE (Software Test Engineer) | STAE ( Software Test Automation Engineer ),"Hyderabad, Telangana",Not specified
L1 Engineer (Hyderabad and Bangalore location),"Hyderabad, Telangana","Up to ₹1,80,000 a year"
Software Engineer Java BE,"Hyderabad District, Telangana",Not specified
Design Engineer (CATIA Software) Female candidate only,"Pune, Maharashtra","₹12,000 - ₹15,000 a month"
TECHNICAL LEAD,"Noida, Uttar Pradesh",Not specified
Technical Support Engineer Trainee,"Chennai, Tamil Nadu","₹12,000 - ₹15,000 a month"
Senior Platform Engineer,"Thiruvananthapuram, Kerala",Not specified
Android Developer,"Mahesana, Gujarat","₹7,000 - ₹10,000 a month"
Backend Developer,"Egmore, Chennai, Tamil Nadu","From ₹19,500 a month"
Dot Net Developer - Fresher,"Mumbai, Maharashtra",Not specified
ASP.NET Developer Freshers,"Ahmedabad, Gujarat",Not specified
Jr. Flutter Developer (Fresher),"Indore, Madhya Pradesh",Not specified
Web Developer,"Thane, Maharashtra","₹15,000 - ₹20,000 a month"
Full Stack Developer (Node / Mongo / React),"Chennai, Tamil Nadu",Not specified
.Net Developer (Software Engineer - .Net),"Ahmedabad, Gujarat",Not specified
.Net Developer (Software Engineer - .Net),"Ahmedabad, Gujarat",Not specified
Trainee GIS Application Developer,"Hyderabad, Telangana",Not specified
Looking for Node Js Developer,"Bhilai, Chhattisgarh","₹20,000 - ₹35,000 a month"
Software Engineer / Developer (Laravel and Angular framework),"Mumbai, Maharashtra",Not specified
Full Stack Developer,"Mumbai, Maharashtra","₹15,000 - ₹20,000 a month"
Web Developer,"Noida, Uttar Pradesh",Not specified
WordPress Developer,"Thergaon, Pune, Maharashtra",Not specified
Junior ASP.NET Developer,"Surat, Gujarat",Not specified
React JS Developer 3-5 Years,"Bengaluru, Karnataka","₹4,00,000 - ₹8,00,000 a year"
Junior PHP Developer,"Bengaluru, Karnataka",Not specified
Angular Developer,"Navi Mumbai, Maharashtra","₹2,55,123.16 - ₹10,50,925.25 a year"
Junior PHP Developer,"Delhi, Delhi",Not specified
Flutter Developer (Intern),"Noida, Uttar Pradesh","₹2,00,000 - ₹3,00,000 a year"
